theta,Result
0.01,0.0434782608696
0.02,0.0833333333333
0.03,0.12
0.04,0.153846153846
0.05,0.185185185185
0.06,0.214285714286
0.07,0.241379310345
0.08,0.266666666667
0.09,0.290322580645
0.1,0.3125
0.11,0.333333333333
0.12,0.352941176471
0.13,0.371428571429
0.14,0.388888888889
0.15,0.405405405405
